CREATE TABLE IF NOT EXISTS `fan_arms` (
  `ida` int(11) NOT NULL AUTO_INCREMENT,
  `idh` int(11) NOT NULL,
  `ee` varchar(255) NOT NULL,
  `en` varchar(255) NOT NULL,
  `ru` varchar(255) NOT NULL,
  `descee` text,
  `descen` text,
  `descru` text,
  `power` int(11) NOT NULL,
  PRIMARY KEY (`ida`)
) ENGINE=InnoDB  DEFAULT CHARSET=utf8 AUTO_INCREMENT=13 ;

###

INSERT INTO `fan_arms` (`ida`, `idh`, `ee`, `en`, `ru`, `descee`, `descen`, `descru`, `power`) VALUES
(1, 1, 'Kepp', 'Stick', 'Палка', NULL, NULL, NULL, 10),
(2, 1, 'Vikat', 'Plait', 'Коса', NULL, NULL, NULL, 20),
(3, 1, 'Kirves', 'Axe', 'Топор', NULL, NULL, NULL, 30),
(4, 2, 'Piik', 'Peak', 'Пика', NULL, NULL, NULL, 20),
(5, 2, 'Vibu', 'Bow', 'Лук', NULL, NULL, NULL, 40),
(6, 2, 'M&otilde;&otilde;k', 'Sword', 'Меч', NULL, NULL, NULL, 50),
(7, 4, 'V&otilde;luleheke', 'Magician leaf', 'Волшебный листик', NULL, NULL, NULL, 5),
(8, 4, 'Oksake', 'Branch', 'Веточка', NULL, NULL, NULL, 10),
(9, 4, 'M&uuml;rgiseen', 'Poisonous Mushroom', 'Ядовитый гриб', NULL, NULL, NULL, 20),
(10, 3, 'V&otilde;lukepike', 'Magician stick', 'Вошебная палочка', NULL, NULL, NULL, 30),
(11, 3, 'S&otilde;rmus', 'Ring', 'Перстень', NULL, NULL, NULL, 50),
(12, 3, 'Raamat', 'Book', 'Книга', NULL, NULL, NULL, 100);

###

CREATE TABLE IF NOT EXISTS `fan_artefacts` (
  `idar` int(11) NOT NULL AUTO_INCREMENT,
  `ee` varchar(255) NOT NULL,
  `en` varchar(255) NOT NULL,
  `ru` varchar(255) NOT NULL,
  `descee` text NOT NULL,
  `descen` text NOT NULL,
  `descru` text NOT NULL,
  `amount` int(11) DEFAULT NULL,
  PRIMARY KEY (`idar`)
) ENGINE=InnoDB DEFAULT CHARSET=utf8 AUTO_INCREMENT=1 ;

###

CREATE TABLE IF NOT EXISTS `fan_enemies` (
  `ide` int(11) NOT NULL AUTO_INCREMENT,
  `ee` varchar(255) NOT NULL,
  `en` varchar(255) NOT NULL,
  `ru` varchar(255) NOT NULL,
  `descee` text NOT NULL,
  `descen` text NOT NULL,
  `descru` text NOT NULL,
  `power` int(11) NOT NULL,
  PRIMARY KEY (`ide`)
) ENGINE=InnoDB  DEFAULT CHARSET=utf8 AUTO_INCREMENT=4 ;

###
INSERT INTO `fan_enemies` (`ide`, `ee`, `en`, `ru`, `descee`, `descen`, `descru`, `power`) VALUES
(1, 'Hunt', 'Wolf', 'Волк', '', '', '', 25),
(2, 'N&oid;', 'Witch', 'Ведьма', '', '', '', 50),
(3, 'Draakon', 'Dragon', 'Дракон', '', '', '', 100);


###
CREATE TABLE IF NOT EXISTS `fan_heroes` (
  `idh` int(11) NOT NULL AUTO_INCREMENT,
  `ee` varchar(255) NOT NULL,
  `en` varchar(255) NOT NULL,
  `ru` varchar(255) NOT NULL,
  `descee` text,
  `descen` text,
  `descru` text,
  `life` int(11) NOT NULL,
  PRIMARY KEY (`idh`)
) ENGINE=InnoDB  DEFAULT CHARSET=utf8 AUTO_INCREMENT=5 ;
###

INSERT INTO `fan_heroes` (`idh`, `ee`, `en`, `ru`, `descee`, `descen`, `descru`, `life`) VALUES
(1, 'Maamees', 'Peisan', 'Крестьянин', NULL, NULL, NULL, 100),
(2, 'Sõjamees', 'Warrior', 'Воин', NULL, NULL, NULL, 75),
(3, 'Maag', 'Mag', 'Маг', NULL, NULL, NULL, 50),
(4, 'Siil udus', 'Hedgehog in fog', 'Ёжик в тумане', NULL, NULL, NULL, 125);
###

CREATE TABLE IF NOT EXISTS `fan_persons` (
  `idp` int(11) NOT NULL AUTO_INCREMENT,
  `id` int(11) NOT NULL,
  `name` varchar(255) NOT NULL,
  `idh` int(11) NOT NULL,
  `sex` int(1) NOT NULL,
  `avatar` varchar(255) NOT NULL,
  `start_date` timestamp NOT NULL DEFAULT CURRENT_TIMESTAMP,
  `health` int(11) NOT NULL,
  `end_date` datetime NOT NULL,
  `field` text NOT NULL,
  `ida` int(11) NOT NULL,
  `power` int(11) NOT NULL,
  PRIMARY KEY (`idp`)
) ENGINE=InnoDB  DEFAULT CHARSET=utf8 AUTO_INCREMENT=96 ;


###

INSERT INTO `fan_persons` (`idp`, `id`, `name`, `idh`, `sex`, `avatar`, `start_date`, `health`, `end_date`, `field`, `ida`, `power`) VALUES
(25, 20, 'zz', 4, 0, 'view/img/heroes/4_2_0.png', '2014-04-21 22:13:55', 125, '0000-00-00 00:00:00', '0;3;3;4;2;2;4;3;0;3;0;4;3;2;1#3;3;0;1;0;0;1;1;1;2;0;0;1;4;0#2;0;2;1;4;4;1;1;4;4;0;1;3;4;2#3;4;1;1;4;0;4;0;1;3;0;2;4;4;3#3;2;3;1;4;0;0;1;0;1;3;1;0;1;0#0;1;2;3;0;2;0;3;0;4;2;0;1;2;0#3;3;2;2;3;3;1;2;0;0;4;4;2;0;3#3;1;3;4;2;0;1;4;2;0;2;2;1;1;4#0;3;2;0;4;3;3;3;2;0;4;1;2;3;0#1;2;2;2;3;2;4;2;4;4;2;2;1;4;1#1;3;3;3;0;3;2;1;2;4;2;1;3;4;4#4;3;4;4;3;1;0;4;4;3;3;4;3;3;2#1;3;1;0;1;0;2;4;3;1;0;2;2;3;2#3;0;2;0;4;2;0;1;4;0;0;3;0;4;1#4;1;2;2;0;3;2;4;3;1;4;3;3;2;0', 8, 10),
(26, 20, 'ASDAS', 4, 0, 'view/img/heroes/4_2_0.png', '2014-04-21 22:15:39', 125, '0000-00-00 00:00:00', '0;3;4;0;4;3;1;2;4;4;2;1;2;4;3#3;2;4;4;0;4;3;1;1;1;2;4;0;3;4#2;0;4;1;4;4;3;1;2;3;4;1;4;3;2#2;4;4;0;4;3;4;4;2;0;2;2;0;4;1#4;0;2;0;2;3;1;3;4;3;1;3;1;1;3#4;3;0;1;4;0;3;3;2;1;2;2;2;0;3#1;1;1;0;3;0;3;0;0;1;2;4;1;3;4#1;3;4;2;3;1;4;2;2;0;4;0;0;1;1#4;1;0;1;0;0;0;4;1;1;0;3;1;0;3#2;0;1;0;3;2;0;2;2;0;0;4;1;1;3#2;0;1;2;0;0;1;4;0;3;0;1;3;0;3#0;2;0;2;0;0;2;4;1;0;1;1;3;0;3#3;0;4;3;4;3;3;4;4;2;2;1;1;0;2#1;1;0;3;3;1;3;1;1;3;2;0;3;3;4#3;3;2;2;3;0;4;4;3;2;4;0;0;3;0', 8, 10),
(27, 10, 'tutyu', 2, 0, 'view/img/heroes/2_3_0.png', '2014-04-21 23:04:15', 75, '0000-00-00 00:00:00', '0;1;0;3;0;0;4;4;2;1;4;4;3;2;1#2;2;0;2;3;2;2;2;4;2;1;1;3;2;0#0;0;1;1;3;2;2;2;1;4;4;1;4;3;3#1;0;0;2;3;4;4;1;1;3;3;3;4;2;0#0;2;0;1;4;3;4;1;1;0;1;1;1;1;4#0;2;0;1;4;3;0;4;0;1;2;4;4;2;1#0;2;4;0;3;3;4;2;0;1;3;2;2;0;3#1;0;1;1;2;1;0;2;0;1;4;3;0;4;0#2;4;2;1;0;0;0;0;3;0;1;2;2;3;2#1;0;2;3;2;0;4;2;2;0;4;2;3;4;1#3;1;1;0;3;2;1;3;2;0;4;4;2;1;3#4;3;3;2;1;0;2;1;3;0;1;2;2;4;2#4;2;4;0;3;2;3;4;1;1;4;0;0;1;2#3;0;0;2;3;2;2;0;3;1;0;4;3;3;3#1;2;1;0;3;4;3;1;3;4;3;3;0;3;0', 4, 20),
(28, 20, 'MED', 3, 0, 'view/img/heroes/3_3_0.png', '2014-04-22 00:10:39', 50, '0000-00-00 00:00:00', '0;0;4;2;3;1;1;1;0;3;2;1;1;3;1#1;1;1;0;4;4;1;3;4;4;2;1;4;1;2#0;4;2;2;0;1;4;0;1;0;4;3;0;2;3#4;0;4;3;4;4;3;1;2;1;2;4;0;2;1#3;4;2;2;0;3;3;0;2;3;3;3;0;3;4#3;1;3;1;2;3;3;0;1;0;3;1;0;2;2#0;1;2;1;2;0;1;3;2;3;2;1;1;0;3#2;0;4;2;2;4;4;4;0;3;4;1;3;3;2#1;3;0;1;4;2;3;1;3;3;4;0;3;3;2#1;3;0;3;4;4;0;3;1;2;2;3;1;4;2#2;3;2;3;1;1;2;2;1;3;2;2;2;2;2#0;4;3;0;3;3;3;3;3;0;2;2;4;0;2#3;1;3;4;0;3;0;4;2;2;1;3;2;1;2#3;2;1;3;3;4;0;0;1;4;0;3;2;4;4#3;3;4;4;0;4;4;3;0;3;4;1;2;3;0', 11, 50),
(32, 20, 'zxzx', 1, 0, 'view/img/heroes/1_2_0.png', '2014-05-02 21:31:19', 100, '0000-00-00 00:00:00', '0;3;4;1;2;2;1;4;3;2;1;3;4;1;1#4;3;0;4;1;0;1;2;2;3;1;3;4;0;0#3;1;1;2;0;0;2;3;2;1;0;4;1;4;1#3;3;0;0;0;2;4;0;3;0;1;4;4;0;4#2;3;2;0;2;3;1;2;2;1;2;4;1;3;0#2;3;1;4;2;1;2;0;4;4;2;3;3;0;4#1;0;3;2;1;1;3;1;1;0;1;1;2;4;2#4;3;2;4;2;0;1;2;1;2;1;2;3;0;1#1;0;2;4;4;4;4;3;3;1;0;1;4;3;1#0;2;2;1;0;4;4;1;2;1;2;4;0;0;1#1;1;0;4;2;4;4;2;1;3;2;3;4;3;1#2;0;4;1;1;3;3;4;3;0;0;1;4;0;0#2;0;2;4;4;4;1;2;4;2;3;4;1;1;2#2;3;2;3;0;0;3;0;4;4;4;4;0;4;4#0;3;4;2;2;3;3;2;0;1;3;4;4;2;0', 3, 30),
(34, 20, 'bnbn', 3, 0, 'view/img/heroes/3_3_0.png', '2014-05-02 22:09:04', 50, '0000-00-00 00:00:00', '0;4;3;4;0;0;2;3;1;1;2;2;2;3;1#2;0;4;2;0;0;2;3;0;1;3;2;1;3;0#2;2;1002;1;1;0;4;1002;1;0;1;1;1;0;2#1;0;4;3;3;3;0;1;1;1;3;2;1;0;4#4;0;4;4;3;2;0;0;1003;3;3;1001;4;1;3#3;4;3;0;1;3;2;2;0;3;4;1;4;0;3;1001#0;1;1;4;3;0;4;3;2;0;3;3;1;3;3#0;1;4;1003;4;3;2;0;4;2;4;2;1;2;0#0;4;2;2;1;3;4;1;1001;2;1003;3;3;3;1#4;3;4;1;0;3;0;2;2;4;2;3;2;1003;3#1;0;2;0;0;3;2;1;1;1;1;2;1;1;0#2;2;4;1;2;3;1;0;1;1003;2;0;3;2;0#0;0;1;0;1;0;1;3;1001;4;1;1;3;0;3#4;4;1;1;3;1;4;2;1;4;0;1;1;2;4#3;3;0;1002;3;4;1;1002;3;3;1;1;2;0;0#1002', 12, 100),
(37, 20, 'xcx', 2, 0, 'view/img/heroes/2_3_0.png', '2014-05-04 20:37:24', 75, '0000-00-00 00:00:00', '0;2;0;0;3;2;3;0;3;4;2;4;4;2;4#1;3;4;3;4;3;1;2;0;1;3;0;1003;0;2#1;0;1;2;3;4;1001;1001;1002;2;3;1003;1;1;3#1;3;3;4;1001;1;0;0;1002;3;2;3;1;3;3#1;0;4;3;0;3;1;0;3;4;1;0;2;4;3#0;1;2;1;2;4;2;1002;2;2;0;1002;1;0;1003#1;3;1;4;2;3;3;2;3;4;2;0;1;1;1#2;1;2;3;0;4;2;4;4;1003;1001;3;4;4;3#1;1;3;0;1;1;0;0;0;2;0;4;1;3;1#3;0;2;2;0;0;0;1;0;4;3;2;2;1003;1#3;1;2;4;4;4;0;4;2;3;1;0;1;1;3#3;0;2;2;3;3;0;2;2;2;0;3;3;3;0#4;4;2;1;1;4;1001;0;4;4;3;4;2;4;2#4;0;0;4;3;4;2;3;1;2;1;3;1;1;1#3;0;3;0;0;3;1;1;4;3;2;1002;3;1;0', 5, 40),
(43, 24, 'mika', 1, 1, 'view/img/heroes/1_1_1.png', '2014-05-06 00:06:33', 0, '2014-05-06 02:07:13', '0;3;2;4;0;2;2;4;4;2;1;4;3;2;3#2;0;4;1;2;1;2;0;4;4;3;3;3;0;2#4;1;4;4;0;4;0;4;1;0;4;4;0;4;0#3;2;0;3;3;3;3;1002;3;4;1;1003;4;2;4#4;1;2;0;4;1;1;1001;0;3;0;1002;3;3;4#1;2;1;0;0;1;4;4;1001;1;0;2;4;1;2#1;2;3;3;0;1;3;1;2;4;0;4;2;1;1#4;2;1001;2;1;3;1002;2;2;0;0;3;4;0;4#2;1;4;1;0;2;2;4;2;1001;3;4;4;2;4#2;3;2;0;1;2;3;0;2;4;1;0;1;4;1001#2;1;1;3;1;3;3;2;4;4;1;0;2;1;2#1;1003;0;0;2;2;3;1;2;1;3;4;3;4;4#4;4;3;0;1;1;3;1003;4;4;0;1;3;0;1#0;0;3;2;0;2;4;4;3;0;3;2;1;4;1#3;4;4;1003;3;1;4;1;4;2;0;1002;1;0;0', 3, 30),
(45, 20, 'zzz', 4, 1, 'view/img/heroes/4_3_1.png', '2014-05-06 01:04:43', 0, '2014-05-06 03:05:17', '0;2;2;4;1;4;1;4;2;3;1;4;1;0;2#3;1003;0;2;4;4;4;0;3;2;1;3;3;4;3#3;0;0;0;4;0;4;2;4;0;2;0;3;3;3#0;3;4;2;1;3;1;4;0;2;0;0;1001;0;3#2;1;2;1002;3;4;0;3;1;2;1;3;1;4;4#4;3;2;2;2;1001;1001;0;0;3;3;4;4;1;3#1;0;0;1;1;1;1;1;1;3;2;4;2;2;0#0;0;2;3;0;1;2;2;4;0;1;2;3;0;4#2;3;1;4;2;3;1002;2;3;4;1;0;3;2;3#4;1002;2;0;2;1002;0;4;4;2;1;0;4;0;1#1;1;2;4;1;0;1003;2;3;4;4;4;1003;3;1003#3;1002;2;1;2;4;3;1;2;1;3;0;0;4;3#2;4;1;1;2;2;0;2;4;2;0;4;0;1;0#4;2;0;3;2;2;3;3;2;4;2;3;1001;3;0#3;0;4;0;0;2;1;1001;4;1003;0;0;2;1;0', 7, 5),
(46, 20, 'zxzx', 3, 0, 'view/img/heroes/3_2_0.png', '2014-05-06 01:07:14', 0, '2014-05-06 03:07:42', '0;4;0;3;1;4;2;2;3;0;3;2;1;4;0#1;2;0;3;4;4;4;4;4;4;2;0;3;4;4#4;2;2;0;1;3;0;1;4;3;1;3;1;2;1#1;1;0;4;0;3;0;0;0;1;2;4;4;2;0#1;4;1;2;1;4;1;0;4;1;0;1;3;1001;3#0;0;4;3;1;4;1;3;3;1;1003;2;1;3;2#4;3;3;1;2;4;4;4;0;4;1003;3;1;1;4#0;4;0;1002;0;4;3;4;0;1;3;0;1002;1003;1#2;2;0;4;4;1;2;3;1;0;3;0;1001;1;2#2;1001;4;1002;1;2;3;4;3;3;0;0;0;0;0#3;4;4;4;0;1;4;2;2;4;2;4;1;3;0#1;1;1;0;4;0;4;0;2;3;0;2;2;2;4#3;4;2;4;2;3;0;0;4;1002;1;1;3;0;1003#3;0;3;1001;2;0;1;0;4;2;4;1001;3;0;2#4;4;1;4;1;0;1003;4;4;1;3;4;0;1;0', 12, 100),
(49, 20, 'xxx', 1, 0, 'view/img/heroes/1_2_0.png', '2014-05-06 01:15:48', 22, '2014-05-06 03:22:56', '0;2;0;1;0;1;3;0;1;4;1;1;4;1;4#3;0;1;3;0;2;1;2;0;1;3;3;1;3;3#1;3;2;2;1;3;2;3;3;2;1;2;0;1;1#4;4;0;3;3;3;2;4;0;1;1;2;3;0;0#1;1002;4;4;1;1002;4;0;0;0;1;1002;3;0;0#0;0;2;0;1;1002;0;0;1003;4;4;2;2;0;3#3;4;1;4;4;0;1;4;4;1;1;1;0;3;2#2;2;3;1;4;4;1002;0;0;3;4;0;2;4;2#0;2;4;2;3;3;1;0;4;2;2;2;3;1001;1#3;3;4;0;1;4;0;4;1;4;0;4;4;4;4#4;1;1;1;1;0;2;2;4;4;4;0;1003;1;2#1;4;2;0;0;1;3;3;1;1;0;4;0;1003;4#4;1;1001;0;0;1001;1003;2;3;0;0;3;0;1;1003#1;3;0;4;1;0;0;3;0;0;1;0;3;2;4#0;3;1;2;4;1001;0;2;1;3;1001;2;2;1;0', 3, 0),
(50, 20, 'xxx', 3, 0, 'view/img/heroes/3_1_0.png', '2014-05-06 01:24:17', 20, '2014-05-06 03:24:49', '0;3;1;2;3;3;3;3;4;0;3;2;1;2;1#1;2;2;4;1;4;3;1002;1003;0;2;1001;4;0;4#4;0;4;0;1;4;3;4;3;4;1;4;1;0;3#3;0;0;3;2;4;0;2;2;1;2;3;4;4;3#4;1001;4;0;2;4;1;3;3;2;1002;1;2;4;3#4;1002;0;4;0;2;0;3;1003;3;4;0;1;1;4#1;3;2;3;2;1001;3;0;0;4;2;2;0;1;2#2;4;1;4;4;3;3;1;4;2;2;0;2;3;1#4;4;2;1;4;1;1003;0;1001;2;4;2;1;4;3#2;2;1;0;4;3;0;0;2;4;0;1;1;0;2#1;3;0;2;3;0;1;0;3;0;0;2;2;2;3#2;1;1002;1;3;1;4;2;2;3;3;2;3;3;1#0;1003;3;2;2;2;3;2;2;1;0;1002;4;3;4#4;1;3;2;0;4;1;0;2;0;2;4;1;4;3#0;4;0;3;4;3;1003;4;3;0;2;4;1;1;0', 12, 0),
(51, 20, 'vbvbn', 1, 0, 'view/img/heroes/1_3_0.png', '2014-05-06 01:26:34', 64, '2014-05-06 03:26:59', '0;1;3;1;3;2;1;3;0;1;2;2;3;2;0#0;3;0;2;4;4;4;1;0;4;0;1;2;3;2#3;4;1;2;2;4;0;1;0;1;2;3;1;0;3#4;1;2;1;1002;4;2;2;0;3;3;2;4;2;0#4;2;2;0;4;1;3;2;4;4;1;0;0;3;1#2;1001;1002;3;2;0;1003;4;0;2;0;3;1;2;1#1;2;1002;1;4;0;4;0;1;4;0;1003;1001;2;1#3;3;4;0;2;3;2;1;0;0;1001;4;0;1003;1001#4;4;1;4;2;4;2;0;1;3;0;1;3;4;4#0;4;3;1;1;1002;3;0;2;4;0;3;3;3;4#3;0;2;0;3;0;4;2;2;4;0;1002;2;1003;3#0;1;1;3;1;2;1;4;3;3;1;4;0;3;3#4;3;3;1;3;1;3;0;3;4;4;2;1;3;0#2;0;1;4;2;0;4;0;2;3;2;3;4;1;4#0;3;2;1;1001;2;1003;1;4;0;4;1;2;0;0', 3, 0),
(53, 20, 'ty', 1, 0, 'view/img/heroes/1_3_0.png', '2014-05-06 01:30:11', 66, '2014-05-06 03:30:35', '0;4;0;3;1;4;1;2;2;3;4;1;0;3;4#0;3;1;1;4;1;3;4;0;1;0;0;1;3;1#2;1;4;0;0;1003;4;2;4;1;0;0;0;4;3#4;1002;1;4;3;3;1;4;1;1002;2;1003;3;4;1001#1;2;1;0;0;4;0;3;2;1;3;2;4;1002;1#4;1;1;3;4;1001;2;0;1;2;1;1;2;3;3#1;2;3;0;0;1;0;4;4;0;4;2;0;0;1001#0;1;1;3;0;4;3;0;4;1;2;3;3;1;3#0;0;4;1003;0;0;4;4;0;1;2;0;0;0;1002#0;4;2;0;0;4;1;4;0;0;2;2;0;0;1002#0;2;2;3;0;4;1;2;1;4;4;1003;0;1;1#0;3;2;0;2;4;0;0;4;4;3;3;2;1;0#0;3;3;2;3;4;1;3;1;1;4;1;3;1;2#0;2;2;4;1;1;3;2;3;0;1001;4;4;2;4#1;2;0;1;1003;4;3;1;1;4;1;2;0;0;0', 3, 10),
(54, 20, 'xcxcx', 3, 0, 'view/img/heroes/3_3_0.png', '2014-05-06 01:55:03', 23, '2014-05-06 03:55:39', '0;2;0;4;4;4;3;3;1;2;3;2;4;3;3#0;2;3;1;3;3;4;4;1;2;3;4;1;1;2#4;1;4;2;0;4;0;0;1;3;2;2;4;2;0#2;0;1;0;3;3;2;4;1;0;0;2;4;1003;4#1;2;3;1;2;1001;4;1;0;3;4;0;2;1002;4#3;4;2;2;1003;3;1;4;2;3;0;0;0;3;3#4;3;0;3;2;3;4;2;1002;0;4;2;1;4;2#4;4;1;4;0;3;1;0;1;1003;4;2;0;4;2#2;3;1;0;4;2;0;2;1;3;1002;0;3;4;3#0;2;0;3;0;2;4;3;3;2;2;0;3;1;2#3;2;1;0;2;3;2;2;2;3;3;0;3;3;1#2;4;3;1001;3;1;2;1002;1;3;3;3;1;0;4#4;1002;1;3;1001;4;3;3;0;4;4;1;1003;0;0#2;3;2;4;2;3;2;4;0;2;4;1;4;3;1#4;2;1;3;1003;1001;2;4;3;0;2;3;0;1;1001', 12, 25),
(55, 20, 'bbb', 1, 1, 'view/img/heroes/1_1_1.png', '2014-05-06 01:59:14', 50, '2014-05-06 03:59:45', '0;4;1;0;1;4;2;2;0;4;4;0;1;0;4#2;3;1;1;1;0;3;2;1;1;3;1;1;1;1#0;4;4;1;3;4;4;2;1;4;1;2;0;4;2#2;0;1;4;0;1;0;4;3;0;2;3;4;0;4#3;4;4;3;1;2;1;2;4;0;2;1;3;1002;2#2;0;3;3;0;2;3;3;3;0;3;4;3;1;3#1;2;3;3;0;1;0;3;1;1001;2;2;1003;1003;2#1;2;0;1;3;2;3;2;1003;1;0;3;2;0;4#2;2;4;4;4;0;3;4;1;3;3;2;1;3;0#1;4;1001;3;1;3;3;4;0;3;3;2;1001;3;0#3;4;1002;0;3;1;2;2;3;1;4;2;2;3;2#3;1002;1002;2;2;1;3;2;2;2;2;2;0;4;3#0;3;3;3;3;3;0;2;2;4;0;2;3;1002;3#4;0;1001;0;4;2;1003;1;3;2;1;2;3;2;1#3;3;4;0;0;1;4;0;3;2;4;4;3;1003;1001', 3, 25),
(56, 20, 'ZXZ', 2, 0, 'view/img/heroes/2_3_0.png', '2014-05-16 18:48:14', 25, '2014-05-16 21:48:50', '0;2;0;2;0;4;3;4;4;0;2;1;1;2;0#3;0;4;0;4;2;2;1;2;0;3;3;1;3;1#2;0;1001;2;0;1;2;3;0;4;1;1003;4;1;3#3;1;3;1;1;4;2;1001;3;1;2;3;4;4;1#1;3;2;4;2;1003;2;3;1;2;4;3;1;0;3#1;2;2;4;2;4;1002;0;4;0;4;3;1;4;3#1;1;1;0;1002;3;1;1002;1;1001;1;0;4;2;2#2;1003;0;3;1;4;1;3;2;2;1;1;4;2;0#1;2;0;1001;3;1;2;1;1;1;2;1;4;2;2#0;1;3;1;4;1;0;1;4;4;1;1;2;0;3#3;2;1;0;1;3;2;2;2;4;3;3;0;2;3#4;1;2;1;3;1;2;1003;3;4;1;2;0;3;2#0;2;1;4;2;3;4;1;3;2;4;1;2;4;0#2;0;0;2;4;3;3;2;4;3;0;0;3;3;1002#1;2;2;1003;0;1001;0;4;4;3;1;1;2;2;0', 6, 30),
(57, 20, 'vbnvbn', 1, 0, 'view/img/heroes/1_2_0.png', '2014-05-16 19:58:49', 66, '2014-05-16 22:59:15', '0;0;1;1;0;3;2;3;4;0;0;1;1;3;0#1;4;4;0;3;2;4;3;1002;3;0;1;4;1;4#1;0;0;3;1;4;1001;1003;2;3;0;1002;3;2;2#3;1;0;4;2;3;0;0;4;1002;0;3;2;2;3#2;0;4;2;1;3;0;0;1;4;1;0;0;3;1#4;2;0;1;1;4;3;4;4;3;2;1;1;3;1#2;3;2;4;2;2;0;4;4;2;4;3;0;3;4#3;4;1001;1002;0;1;4;3;1;0;1003;1001;2;2;3#2;1;1;1;2;4;3;3;4;3;2;1;1;4;3#4;3;4;0;3;1;1;0;4;2;0;0;2;2;3#2;1003;0;3;0;0;1;1;0;1;2;3;4;2;2#1;0;1;1;3;1;1;0;4;3;0;0;1;0;1#3;2;2;3;3;3;3;1;4;0;0;1;0;0;1#0;3;0;2;1;3;3;2;1;3;3;1;1003;2;0#4;2;3;2;1;0;0;4;1001;4;1001;0;1002;1003;0', 1, 10),
(58, 20, 'mbnmb', 2, 0, 'view/img/heroes/2_2_0.png', '2014-05-16 20:02:12', 75, '0000-00-00 00:00:00', '0;4;3;4;4;2;0;2;2;0;4;1;4;0;2#0;2;3;1;3;4;3;1003;3;1002;1;3;4;3;0#1;4;0;3;3;2;1;2;2;2;0;3;1;1;1#0;3;0;3;0;0;1002;2;4;1;3;4;1;3;4#2;3;1;4;2;2;1002;4;0;0;1;1;4;1;0#1;0;0;0;4;1;1;0;3;1;0;3;2;0;1002#0;3;2;0;2;2;0;0;4;1;1;3;2;0;1#2;0;0;1003;4;0;3;0;1;3;0;3;0;2;0#2;0;0;2;4;1;0;1;1;3;0;3;3;0;4#3;4;3;1003;4;4;2;2;1;1001;0;2;1;1;0#3;3;1;3;1;1;3;1001;0;3;3;4;3;3;2#2;3;0;4;4;3;2;4;0;0;3;0;4;3;1#1;3;1;1003;3;0;4;3;3;1001;2;1002;2;1;3#3;4;3;4;2;1;3;4;0;1;2;1;0;0;3#1;1;4;2;0;2;1;1003;4;0;1;1;1;2;0', 5, 40),
(59, 20, 'jkljk', 2, 0, 'view/img/heroes/2_1_0.png', '2014-05-16 20:50:21', 37, '2014-05-16 23:53:04', '0;2;2;2;3;1;4;4;1;0;0;3;4;0;2#4;2;0;2;1001;2;3;3;1;0;4;2;2;2;3#1;1;1002;1001;4;0;1;4;0;1001;1;4;0;4;4#4;4;1002;1;1;1;1;0;2;2;4;4;4;0;0#1;2;1003;4;2;0;0;1003;3;3;1;1;0;4;0#1;4;4;1;0;0;0;4;1002;2;3;0;0;3;1001#1;1;1;3;0;4;1;0;0;3;0;0;1;0;3#2;4;0;3;1;1003;4;3;0;2;1;3;0;2;2#1;4;1001;4;4;1;3;0;4;1;4;3;1;3;1#1;1;1;2;2;1002;0;3;4;1;2;3;4;3;4#4;2;3;4;3;3;2;1;1;4;1;4;3;4;1#3;0;4;3;2;4;0;4;0;1003;1;3;1;4;4#3;1;1003;3;0;1;2;1002;0;3;3;4;2;4;2#2;1;1;3;3;4;0;1;4;1;3;2;4;4;2#0;0;3;4;0;1;1;0;1;3;1;1;0;1;0', 4, 10),
(60, 20, 'vbnv', 1, 0, 'view/img/heroes/1_1_0.png', '2014-05-16 20:53:41', 56, '2014-05-17 00:14:15', '0;4;1;0;4;0;0;4;0;1;4;0;3;4;2#1;1;0;1003;0;4;2;0;4;3;0;1;2;3;3#4;1002;3;0;1;2;1;4;2;3;0;2;1;1;0#1;2;2;4;2;2;0;0;2;1003;2;2;2;4;2#0;1;1;2;0;2;1;1;2;0;2;0;4;0;1#0;1;0;1;1;0;1;3;1001;1;4;2;2;1;1#2;4;1;1;2;4;1;1002;0;1;3;3;2;4;3#0;1;4;2;1003;0;1;2;1;4;2;2;3;4;4#0;2;4;2;1;2;3;2;1002;3;3;4;3;3;1#4;1;2;0;1;2;4;2;3;2;3;0;3;1;4#0;1001;3;0;0;2;0;1;3;3;1002;1;0;3;2#0;1003;1;4;1;4;0;1;4;1002;2;2;3;4;1#1;1;1;1001;0;0;1;4;4;2;2;1001;2;2;2#0;1;3;3;0;1;2;2;0;0;0;1;3;1001;4#3;0;4;1;1003;1;1;1;1;3;3;4;1;4;0', 3, 25),
(61, 20, 'vbn', 3, 0, 'view/img/heroes/3_2_0.png', '2014-05-16 22:04:21', 50, '0000-00-00 00:00:00', '0;1;4;0;0;3;0;0;1;3;1;1;2;2;2#1;4;3;3;3;4;2;0;0;2;1;2;0;0;2#3;1;3;1;4;0;1001;4;4;2;1;0;4;3;3#4;3;2;4;4;0;2;2;0;2;0;2;0;2;0#0;0;1;0;3;2;2;2;1;3;3;1;0;0;1#2;3;3;2;0;3;1003;1;1003;1001;0;3;2;1003;1#1;2;0;0;2;2;1;1;0;1;3;4;1;1;1001#1;2;2;2;0;1;0;2;1;1;0;1;1;3;1#4;3;0;2;4;2;4;0;0;1001;3;2;4;1;3#4;1002;0;3;1002;1002;2;0;1;0;2;1003;4;2;4#2;2;2;2;3;3;2;1;4;0;2;4;0;0;0#1;0;3;4;0;4;0;4;2;3;0;2;0;0;0#2;0;1;0;4;1002;1;1;0;2;4;2;4;3;1#0;0;2;1;4;1;2;4;1;1003;4;0;0;4;0#3;3;2;2;4;0;1;1;3;1002;2;4;4;1;0', 12, 100),
(62, 20, 'nbnbn', 3, 0, 'view/img/heroes/3_1_0.png', '2014-05-16 22:07:18', 50, '0000-00-00 00:00:00', '0;3;3;3;0;3;4;3;1;3;1;2;3;3;0#1;0;3;1;0;2;2;1001;1;2;1;2;0;1;1002#2;3;2;1;1;0;3;2;0;4;2;2;4;4;1003#0;3;4;1;3;3;2;1001;3;0;1;4;2;3;1#3;1002;4;0;3;3;2;1;3;0;3;4;4;0;3#1;2;2;3;1;4;2;2;3;2;3;1;1;2;2#1;3;2;2;2;2;2;0;4;3;0;3;3;3;3#3;0;1002;2;4;0;2;3;1003;3;4;0;3;0;4#2;1001;1;3;2;1;2;3;2;1;3;3;4;0;0#1;4;0;1002;2;4;4;3;1001;4;4;0;4;4;3#0;3;4;1;2;3;0;4;4;1001;0;1;4;3;0#1;4;4;1003;1;3;2;2;4;4;3;3;1;0;4#1;1;2;0;2;0;1003;3;0;1;3;3;4;1;2#2;2;1002;0;1;1;2;1;1;3;4;1;3;3;3#1;1003;4;4;1;2;3;3;2;1;1;3;4;2;0', 12, 100),
(63, 20, 'nbn', 2, 0, 'view/img/heroes/2_2_0.png', '2014-05-16 22:07:59', 75, '0000-00-00 00:00:00', '0;4;0;2;4;3;1;3;3;1;2;3;0;3;4#4;3;0;0;4;4;0;1;4;3;2;3;3;0;3#4;1;2;4;1;3;3;1001;3;4;4;0;0;3;1001#3;2;2;2;0;2;3;1;1003;4;3;1;1;3;0#4;3;3;1;0;3;3;4;4;1002;3;0;1;4;1#3;3;3;2;4;1002;4;0;1;0;1003;0;1;2;0#4;2;0;2;4;0;4;1;3;4;1;0;0;0;0#3;3;2;2;2;4;0;2;2;0;3;1;1002;2;3#4;3;3;3;3;1;2;3;1;4;4;4;0;1;3#0;1;0;3;0;3;0;3;1;2;4;3;0;4;1#2;0;4;0;3;3;2;4;2;1;4;2;2;3;2#1;3;4;3;3;4;2;1;3;4;1;4;1;2;1#4;1;1001;1;1002;2;0;3;4;1;4;1002;0;3;2#1;1003;1;0;2;3;4;2;4;1;1003;2;0;3;3#3;2;0;1;1;1003;3;3;4;2;2;3;2;1001;1001', 6, 50),
(64, 20, 'mmnm', 1, 0, 'view/img/heroes/1_2_0.png', '2014-05-16 22:14:38', 100, '0000-00-00 00:00:00', '0;2;1;4;2;4;4;1;4;0;3;1;0;1;0#4;2;0;4;2;2;3;1;0;4;2;0;2;1;3#1;0;3;4;3;1001;2;0;3;0;2;4;3;3;2#2;0;3;1;2;3;2;1;0;2;3;2;2;1001;3#3;0;3;3;1;2;4;3;0;3;1;2;0;1;3#3;3;1;0;4;4;2;1003;3;4;1002;3;3;0;4#4;1;3;0;0;2;1002;2;4;2;1002;2;1003;0;2#4;1001;4;3;1;4;2;1;3;4;1;2;4;3;0#2;3;0;1;3;1;1;3;0;4;4;4;1;4;1#1;4;4;0;2;3;3;2;1;2;1;1;1;4;2#2;4;3;4;1;3;3;4;1;1;2;1002;3;2;2#3;3;3;1001;1;3;2;2;2;0;3;3;1;2;2#1;2;1;4;4;2;1;1;1003;4;1;1;1003;4;2#2;4;3;3;2;1;4;0;4;1;3;2;1;1001;3#3;1;1;3;4;2;4;2;0;1;0;1;0;1003;0', 3, 30),
(65, 20, 'nnbn', 2, 0, 'view/img/heroes/2_3_0.png', '2014-05-16 22:21:16', -1, '2014-05-17 01:25:05', '0;1;1;2;3;4;0;3;1;0;3;2;3;1;1#4;4;2;2;2;4;1;1;4;3;3;2;2;3;4#0;2;2;0;3;4;4;1003;1;3;1;3;2;2;1#2;1003;4;1002;0;4;1001;3;0;3;1001;1;1003;3;4#4;0;3;4;0;3;1;0;1;2;1002;1;3;1;3#2;0;3;1;3;4;3;3;4;4;3;1001;1;1;3#0;1;1;1;2;1;4;1;1;0;1;0;4;4;1#3;2;1;2;4;1002;2;1;0;0;2;2;1;3;1#3;0;4;2;1;1;3;2;0;2;3;0;2;1003;0#1;2;0;2;4;0;3;3;1;1;1002;3;4;2;3#1;0;2;2;0;3;3;0;1;3;3;4;2;4;1#4;4;3;4;1;4;2;0;2;2;3;2;3;3;0#4;0;0;4;1002;3;3;2;1;4;1;2;3;1001;3#2;1;0;4;3;3;1;2;4;2;1;3;0;1;3#4;1003;2;0;1001;2;0;3;3;2;1;2;3;2;0', 6, 40),
(66, 20, 'bvcv', 3, 0, 'view/img/heroes/3_2_0.png', '2014-05-16 22:27:10', -2, '2014-05-17 01:29:31', '0;1;0;3;1;2;4;0;2;3;0;3;1;1;2#2;2;1;4;0;1003;4;3;3;0;0;4;3;3;4#0;0;1;2;0;4;2;1;1;3;3;3;0;2;2#2;2;1;4;0;3;2;0;1;0;2;4;3;3;2#1;3;4;4;1;0;4;1;3;1;4;3;4;0;4#3;1;4;2;1003;1;2;2;1;3;0;2;1002;2;4#2;4;2;4;4;0;0;1002;2;1;3;4;0;4;4#4;2;0;0;3;1;3;2;0;0;1;1001;1;3;0#4;1;0;2;3;2;2;3;3;2;0;2;3;3;1#3;3;0;1001;4;3;4;4;2;3;0;3;3;2;4#4;4;1;1001;2;2;4;1;0;3;1;0;3;0;2#4;2;3;2;3;2;0;1;2;1003;3;3;2;1002;2#3;4;4;0;2;2;4;4;3;3;3;0;3;1;4#0;1001;1002;1;0;1003;2;4;1003;3;2;4;0;2;1#1;3;4;0;3;3;3;0;0;3;3;1001;4;3;0', 12, 80),
(67, 20, 'cvcvb', 4, 0, 'view/img/heroes/4_3_0.png', '2014-05-16 22:31:31', 90, '2014-05-17 01:32:06', '0;4;4;0;4;2;0;4;1;0;1;3;0;0;4#2;1;1001;3;4;3;4;2;0;2;1003;0;3;1;3#4;1002;2;4;0;3;4;0;4;4;1;0;2;4;4#0;0;2;2;0;4;3;0;1;1;1;4;1002;0;0#2;1;0;4;0;2;0;3;3;1;1003;1;0;2;2#1;1;2;0;0;2;1;4;4;2;0;4;4;0;3#0;3;2;2;0;3;3;1;0;0;1;1003;0;0;4#0;1;1;4;1;0;4;2;4;3;1;2;0;1;4#1;0;4;4;1;4;0;3;0;3;3;3;0;1003;2#0;2;1;0;2;0;2;1003;0;1;4;1;1;3;3#2;0;1;4;2;1001;1002;4;4;0;1;1;2;3;2#3;3;3;4;3;3;1;1001;0;3;3;0;0;4;2#2;2;3;3;1;0;0;1;3;0;2;4;2;1;4#1;4;1;4;2;1;3;1001;1;2;4;1002;3;2;4#2;1002;1;3;4;4;0;3;2;2;1;3;0;4;0', 8, 10),
(68, 20, 'vbnb', 1, 0, 'view/img/heroes/1_2_0.png', '2014-05-16 22:35:16', 100, '0000-00-00 00:00:00', '0;1;2;3;2;2;2;2;0;1;2;0;3;3;2#4;0;2;3;4;4;1;4;2;4;2;4;1;1003;1#4;3;0;0;4;2;4;2;2;1;3;1;0;3;0#1;1;0;0;2;2;2;1;3;1;0;1;3;4;3#0;1;0;2;1001;2;0;4;1;4;2;2;0;3;2#4;2;1;0;4;0;4;1;2;3;1;3;0;3;0#4;1;1;2;1;1003;4;0;0;2;2;3;1;1;2#1;4;1;3;3;3;4;4;3;3;3;4;0;4;1003#0;0;2;2;2;1001;1;2;3;0;0;2;3;4;4#1;3;2;0;1001;4;2;0;1;2;4;0;2;1002;2#0;0;1;1;1;1002;2;4;0;1001;1;2;4;3;3#1;2;3;3;4;0;1;3;2;1002;4;0;2;2;2#4;1;0;0;1;1002;3;4;2;1;3;0;1003;1003;3#2;2;1;4;2;3;3;0;4;3;0;2;0;2;2#2;4;3;1;0;3;0;0;1002;1;1;4;1001;4;0', 3, 30),
(69, 20, 'xcx', 3, 0, 'view/img/heroes/3_3_0.png', '2014-05-17 14:09:05', 17, '2014-05-17 17:11:13', '0;3;2;2;3;0;1;3;2;2;3;1;0;4;2#3;0;0;4;1002;0;1002;2;2;3;2;0;4;2;1#3;0;0;1;4;1;0;0;3;1;4;2;0;1;1#4;3;4;1001;3;2;1;1;3;1003;2;3;2;4;2#2;0;4;4;2;4;3;0;3;4;3;4;3;2;0#1;4;3;1;0;4;0;2;2;3;2;1;1;1001;2#4;3;3;4;3;2;1;1;4;3;4;3;4;0;3#1;1;0;4;2;0;1002;2;2;3;2;1002;0;3;0#0;1001;1;0;1;2;3;4;2;2;1;0;1001;1;3#1;1;0;4;3;0;0;1;0;1;3;2;2;3;3#3;3;1;4;0;0;1;1003;0;1;0;3;0;2;1#3;3;2;1;3;3;1;4;2;0;1003;2;3;2;1#0;1001;4;1;4;2;0;0;3;2;4;2;4;3;2#3;2;0;0;1;2;0;0;3;4;4;1003;2;1;3#4;4;0;2;1003;3;4;4;3;0;2;3;0;3;0', 12, 50),
(70, 20, 'zz', 2, 0, 'view/img/heroes/2_2_0.png', '2014-05-17 14:11:25', 75, '0000-00-00 00:00:00', '0;3;2;0;3;3;3;3;4;3;4;1;0;4;2#4;4;1;2;0;4;1;1001;0;0;3;0;2;3;3#4;1;2;1;0;1001;1;4;4;0;1;0;2;4;1#2;1;2;3;3;0;1;3;1;2;4;0;4;2;1003#1;4;2;0;2;1;3;3;2;2;0;0;3;4;0#4;2;1;4;1;0;2;1003;4;2;2;3;4;4;2#4;2;1003;2;0;1;2;3;0;2;4;1;0;1;4#1;2;1;1;3;1;3;1001;2;4;4;1;0;2;1#2;1002;1;0;0;2;2;3;1;2;1;3;4;3;1002#4;4;4;3;0;1;1;3;2;4;4;0;1;3;0#1;0;0;3;2;0;2;4;4;3;0;3;2;1;4#1;3;4;4;4;3;1;4;1;4;2;0;3;1003;1002#1;2;1002;1;1003;1;2;2;2;3;1002;4;3;1;2#0;3;2;1;1;3;0;3;4;1001;3;0;4;1001;4#0;1;2;1;3;4;3;1;2;1;2;3;0;3;0', 5, 40),
(71, 20, 'xcvx', 3, 0, 'view/img/heroes/3_3_0.png', '2014-05-17 16:23:05', 17, '2014-05-17 19:23:42', '0;3;2;1;4;2;2;1;2;3;1;2;2;3;1#0;0;3;2;2;3;3;1;4;2;4;0;0;0;3#3;4;2;2;4;1;2;1002;4;1;0;1002;2;2;3#4;0;3;3;0;2;2;1;3;1;4;1003;1;0;0#1;2;1;2;1;1;3;0;2;3;3;1003;4;3;0#1;0;0;1;1;2;1;0;1;2;3;3;4;0;3#1;4;0;0;0;4;2;4;3;4;1002;4;3;1;0#2;4;4;0;0;3;2;4;1001;4;4;4;2;1003;2#2;4;4;2;0;2;1002;0;4;1001;1;2;1002;0;1#4;3;0;1;2;1;0;2;3;2;0;4;2;4;0#4;1;1;0;4;1003;3;4;3;1;3;3;0;4;2#1;1;2;3;3;0;4;4;4;4;3;2;4;2;4#0;2;2;1003;2;0;1;2;2;0;3;1;0;4;1#1;4;0;2;0;4;0;0;1;4;2;2;3;0;2#2;1;3;1001;2;1;0;4;0;3;3;1;0;0;1001', 11, 40),
(72, 20, 'xcvx', 4, 0, 'view/img/heroes/4_3_0.png', '2014-05-17 16:25:12', 125, '0000-00-00 00:00:00', '0;1;4;1;2;0;1;1;4;3;3;4;1;4;3#0;0;2;0;0;0;1;4;2;3;3;4;3;3;3#4;1;2;3;4;2;4;4;2;0;1;2;3;1;1001#3;1;3;4;4;1;3;0;4;0;4;4;2;0;2#3;1;4;1;0;0;1;2;3;1003;4;4;0;1;0#2;0;1;1;1;0;0;3;0;3;2;4;0;1;0#3;1;4;4;0;1;4;1;4;2;4;0;1001;2;1#0;4;3;0;4;4;2;2;1;3;2;2;0;4;0#1;3;3;3;3;1;3;0;0;1;4;1;1002;2;0#0;4;2;0;3;2;1;3;3;2;1002;4;3;3;2#1;0;2;1;0;1;3;3;3;3;3;1;1;4;1#4;3;2;4;1003;3;1002;1;2;1002;4;4;0;2;4#1;1001;0;4;0;1001;3;2;1;4;0;1;1003;0;0#2;3;0;3;3;1;1;2;1;2;3;2;4;2;1002#2;3;1;4;1;1003;1;4;4;3;0;0;4;3;1003', 8, 10),
(73, 20, '          vbnvbn', 1, 0, 'view/img/heroes/1_1_0.png', '2014-05-17 21:04:54', 56, '2014-05-18 00:05:22', '0;4;0;4;1;1;1;3;2;1;3;1;2;2;4#2;3;1003;1;2;4;0;4;0;2;4;1;1001;2;0#4;1;4;4;1002;4;4;1;3;4;2;3;1002;2;4#1;0;1;0;1;1;4;0;4;3;3;1;1;2;0#2;4;1;1001;0;3;0;3;4;4;3;4;0;0;4#2;3;4;2;0;4;0;3;0;4;2;3;1;2;3#4;2;0;2;4;4;3;2;3;1002;0;2;4;3;4#0;3;1;4;2;2;3;0;3;2;1;4;0;1;2#0;3;4;4;4;4;4;4;2;0;1002;4;4;4;2#2;0;1;3;0;1;4;3;1;3;1;1001;1;1003;1#0;4;0;3;0;0;0;1;2;4;4;2;0;1;4#1;2;1001;1003;1002;0;4;1;0;1;3;3;3;0;0#4;3;1;4;1;3;3;1;3;2;1;1003;2;4;3#3;1;2;4;1001;4;0;4;1;3;1;1;4;0;4#0;4;0;4;3;4;0;1;3;0;3;3;1;2;0', 3, 30),
(74, 20, 'vdd', 3, 0, 'view/img/heroes/3_2_0.png', '2014-05-18 06:28:48', 12, '2014-05-18 09:29:27', '0;0;1;4;0;2;4;2;1;3;3;4;0;2;3#2;1;0;0;1;4;0;4;4;1001;4;1;4;2;4#2;0;1;3;1002;1;3;4;4;1002;4;3;1;1;1#3;0;2;4;0;1003;3;3;4;3;0;2;0;3;0#4;2;2;4;0;1002;2;1003;3;0;1;1;3;1001;2#1;4;3;3;1;4;0;3;3;4;3;3;1;3;1#3;0;3;4;4;2;1003;3;0;2;0;1;4;2;0#4;0;2;3;1001;1002;4;1;4;0;3;2;1;0;2#0;1;4;0;4;1;2;0;4;4;1;2;4;1;0#2;3;2;4;1;0;1;1;1;1001;1003;3;2;1;3#4;2;4;1;2;4;1;2;3;2;4;0;1002;1;4#1;2;2;1003;4;1;0;3;4;0;3;1;1;4;1#3;4;0;1;0;0;1;3;1;2;1;4;0;0;2#4;2;4;1;0;0;0;4;3;4;1;1;4;1001;3#1;4;1;0;2;0;3;4;3;1;2;1;0;0;0', 10, 30),
(75, 20, 'sds', 3, 0, '', '2014-05-18 08:47:15', 50, '0000-00-00 00:00:00', '0;3;4;4;1;4;1;2;2;1;3;1;0;4;0#3;4;4;1;1;1;4;0;0;4;1003;1;1001;1;2#4;1001;0;1003;2;4;0;3;1;2;2;1;4;0;1#0;1;4;3;0;4;3;3;2;1;2;2;3;2;1#4;3;0;0;3;4;2;3;0;1;3;1;4;1;2#3;3;1;3;4;4;0;0;1003;1003;0;3;3;3;2#1;1;0;3;3;2;3;3;4;2;1002;4;2;0;3#1;1;0;1003;1;2;4;2;4;3;0;1001;2;3;4#0;1;2;0;2;3;4;4;4;2;2;1002;1;1;2#3;3;4;3;2;2;1001;3;3;2;2;2;0;0;4#0;4;4;1001;4;1002;2;2;1;0;2;0;2;2;2#2;0;0;1;2;1;3;0;3;1;1;4;0;3;0#4;0;3;4;0;2;3;2;3;0;0;1;2;3;0#4;0;3;4;2;0;0;1;3;1002;2;1;4;2;3#1;4;0;0;3;3;1002;0;4;0;1;3;0;1;0', 12, 100),
(76, 20, 'xzxczxc', 1, 1, 'view/img/heroes/1__1.png', '2014-05-18 08:52:32', 100, '0000-00-00 00:00:00', '0;1;1;4;0;1;0;2;2;0;3;4;0;3;0#2;4;1;2;2;1002;1;0;1002;0;1;4;4;1;3#4;3;0;4;0;3;0;3;4;1001;1;0;1;3;3#4;1;4;4;1003;0;1;3;1;3;1;1;3;0;3#0;1;3;0;1;2;1;2;1003;0;0;1;3;4;1#1;2;4;4;1;0;2;1001;0;0;0;2;0;3;1002#3;2;0;4;4;2;1003;0;3;0;0;1;3;4;0#3;2;4;3;4;3;2;4;1;4;3;0;3;3;3#1;0;3;4;2;1;2;2;2;1;2;3;0;1;2#2;0;0;1002;1;1001;3;4;2;4;0;2;0;1;0#1;1;2;0;0;1;1001;2;1;2;4;3;4;4;2#1;4;1003;2;3;1;1002;2;1;2;2;1;3;2;1#4;2;1;3;0;4;4;3;1001;2;3;2;2;3;2#1;1;0;2;1;1;4;3;4;3;4;2;1;0;1#3;2;4;4;3;1003;4;3;0;3;0;2;1;0;0', 3, 30),
(77, 20, 'xzxczxc', 1, 1, 'view/img/heroes/1_1_1.png', '2014-05-18 08:53:22', 100, '0000-00-00 00:00:00', '0;3;1;3;4;3;2;4;0;3;4;0;4;4;1#0;2;4;4;0;0;2;2;0;4;1001;0;1;1;1#4;3;0;0;1003;1;0;4;0;2;0;3;3;1;2#1;0;2;2;1;1;2;0;0;2;1;4;4;2;0#4;4;0;1001;0;3;2;2;0;3;3;1;0;0;1#3;0;0;4;0;1;1;4;1;0;4;2;4;3;1#2;0;1;4;1;0;4;4;1;1003;0;3;0;3;1003#3;0;2;2;1002;2;1;0;2;1001;1002;0;0;1;4#1;1;3;3;2;1001;1;4;1003;1;0;1002;4;0;1#1;2;3;2;3;3;3;1001;3;3;1;1;0;3;3#0;0;4;2;2;1003;3;3;1;0;0;1;3;0;2#4;2;1;4;1;4;1;4;2;1;3;0;1;2;4#1;3;2;1002;2;0;1;3;4;4;0;3;2;2;1#3;0;4;2;3;1;0;0;0;4;3;2;4;2;3#1;0;4;4;0;4;3;0;0;2;3;1;3;2;0', 3, 30),
(78, 20, 'ghgh', 4, 1, 'view/img/heroes/4_3_1.png', '2014-05-18 08:53:37', 125, '0000-00-00 00:00:00', '0;0;1;1;4;4;1;2;4;3;0;4;1;4;2#0;4;4;3;2;1;3;3;4;1;1;1;3;3;1#2;4;1;3;1;2;2;1002;4;3;1001;3;1001;2;0#1;1;4;1002;2;0;2;3;1;1003;3;3;2;1;0#2;4;3;2;2;1;0;0;3;4;0;0;2;0;1#2;4;0;3;1003;1;2;1;3;4;0;1;4;3;4#1;3;1;4;3;1002;2;2;4;1;4;0;1;4;2#4;3;4;3;1;0;1003;1;3;2;2;0;2;4;1#3;4;1;4;4;1;2;4;2;1003;2;3;0;2;1#0;2;0;4;3;1;4;2;0;1;2;2;3;0;0#2;1;1001;1;4;1;2;0;0;2;2;0;4;2;0#1;1;3;1;2;0;3;3;1002;3;2;0;3;2;0#0;0;4;2;1003;4;2;0;4;0;3;3;0;1;1#2;4;2;0;3;0;2;0;1;4;0;3;1;3;0#1;4;4;2;0;0;1001;0;0;1001;0;3;1002;0;0', 7, 5),
(79, 20, 'ghgh', 4, 1, 'view/img/heroes/4_3_1.png', '2014-05-18 08:55:53', 125, '0000-00-00 00:00:00', '0;0;2;0;3;0;0;3;3;3;3;0;1;1;4#4;1;3;2;1001;3;1;0;4;3;3;2;2;4;2#2;1002;2;2;4;2;0;0;4;2;1;0;4;0;2#3;1002;4;0;4;3;4;1001;4;4;4;3;3;3;3#2;3;3;1;2;2;4;1;2;2;3;3;3;1001;4#1;3;1;1;0;3;1;3;3;3;4;2;1;2;0#3;0;0;0;4;3;3;3;4;1;4;1;1;1;4#3;4;0;3;2;1;4;1;1;2;0;1;2;4;4#1;4;1003;0;2;3;4;2;2;1;3;1003;0;1;3#1;0;0;3;1002;3;4;1;4;3;2;1;3;1002;1#1;0;4;4;1;1;4;1003;3;3;2;0;1003;3;0#4;4;2;0;4;1001;3;1;1002;0;1;4;0;4;4#2;2;2;2;1;2;4;0;0;2;1;1;0;2;4#0;0;3;0;1;0;0;4;2;0;0;1003;0;0;0#2;1;4;4;3;2;3;1;1;0;0;2;4;1;0', 7, 5),
(80, 20, 'cxcv', 1, 1, 'view/img/heroes/1_3_1.png', '2014-05-18 08:56:28', 100, '0000-00-00 00:00:00', '0;0;1;0;1;2;0;3;1;3;1;2;0;2;0#1;4;3;3;2;4;3;3;2;1001;1001;0;2;0;4#3;2;3;0;2;3;3;2;0;2;1;1;3;1;2#2;2;4;1;3;0;2;0;3;3;3;3;0;3;4#0;3;1002;2;4;1;0;0;3;2;2;1;3;4;1#0;0;2;2;2;0;3;4;2;2;2;1;4;3;2#3;0;2;2;2;2;1;0;1;2;4;0;0;4;3#1;2;3;1;0;3;3;1;2;0;1001;2;1;0;4#1;1001;4;0;1;1;0;1;0;4;3;3;2;4;1#1;3;2;4;0;3;3;2;4;4;1;3;4;4;4#2;4;0;0;2;4;2;3;4;4;1003;1002;1;4;2#1;3;3;1;2;4;2;3;1;2;0;1001;4;3;2#2;1;0;3;2;0;3;1003;1002;1;0;1002;4;0;2#4;1003;3;2;4;1003;2;0;3;4;1002;4;4;1003;1#0;4;3;3;0;1;0;0;0;1;0;2;3;3;0', 2, 20),
(81, 20, 'vvbnvbnvbnvbnvbnvbn', 1, 0, 'view/img/heroes/1_2_0.png', '2014-05-18 09:15:17', 60, '2014-05-18 12:15:51', '0;1;3;2;4;2;1;4;1;2;0;4;2;3;0#0;1;0;0;3;0;0;3;2;2;3;0;3;0;1#4;0;2;0;0;3;1001;0;1;1;2;4;3;1;0#1;3;1;3;4;3;2;2;3;0;2;1;4;4;3#1;3;3;3;4;3;4;4;2;3;3;3;0;4;2#3;4;3;4;1;3;2;3;4;1001;0;3;1;2;4#4;2;4;1;4;1;2;1003;0;4;1002;0;2;4;4#4;4;4;0;1003;1;1;1003;4;4;2;1003;1003;3;4#0;4;1;0;4;2;2;3;1;3;2;3;3;1002;3#0;1;1002;2;4;1001;1;0;0;3;1;3;3;3;3#0;2;1;3;0;3;0;1001;2;4;3;4;2;2;4#2;1;0;4;3;2;4;3;1001;0;4;3;2;3;4#2;3;3;4;2;2;1;0;3;3;4;0;2;0;3#0;2;2;1;1002;0;1;3;4;0;2;3;2;1002;3#1;4;3;3;4;0;1;0;4;1;4;3;3;0;0', 3, 30),
(82, 20, 'zxczxc', 3, 0, 'view/img/heroes/3_2_0.png', '2014-05-18 12:24:03', 50, '0000-00-00 00:00:00', '0;0;4;3;1;3;1;3;3;2;1;2;0;2;3#1;1003;0;1;3;1;0;0;4;1;2;4;4;1;3#2;2;2;2;3;4;0;3;2;4;0;4;3;2;1002#4;0;1003;1;2;1;1;4;0;3;2;0;4;2;1#1;0;0;2;1;4;4;4;2;2;1;0;3;1;2#1;0;1;3;4;3;3;3;4;1001;4;2;0;2;0#2;2;3;1;4;1;2;4;2;4;0;1;1;4;3#1;3;4;0;2;4;0;2;3;2;1;1;3;2;2#0;1002;4;3;2;2;1;4;0;0;2;4;1;4;2#4;4;1;0;2;1001;2;1;1;3;1001;2;2;0;1#0;4;0;0;2;3;2;2;1002;1;1002;4;4;2;3#2;1;2;3;0;0;4;1;2;0;0;1;2;0;3#0;3;0;4;3;4;3;2;4;2;4;3;0;3;2#0;2;4;2;1002;4;4;1;1;1003;2;1;4;1;1#4;1003;1003;4;1;4;2;2;0;1;4;1;1;4;0', 10, 30),
(83, 20, 'BVBVB', 1, 0, 'view/img/heroes/1_1_0.png', '2014-05-18 12:45:17', 100, '0000-00-00 00:00:00', '0;3;0;2;2;2;3;4;2;4;0;1;0;2;3#0;2;4;4;4;3;2;3;2;2;0;1;2;0;0#0;1;1;1;0;1;4;1;3;3;1;2;4;4;0#2;1;0;3;1;3;4;2;4;2;2;4;1;0;1#3;4;2;2;1002;2;3;3;1;1;2;4;0;2;3#3;1;0;2;2;3;0;1;2;1003;3;1;4;0;4#3;1;0;0;3;4;1;4;1;1;2;4;1;2;4#4;0;0;0;1002;3;0;3;1003;4;1;4;4;0;3#1;4;0;3;2;3;1001;4;3;4;4;1;2;4;4#2;2;2;3;3;4;1;1003;0;1;3;1;2;2;1002#2;1001;1003;1;2;3;3;3;4;1001;4;0;1002;3;2#0;1;3;4;2;4;3;3;4;3;2;0;3;3;0#4;1003;4;1;0;0;4;4;3;1002;3;3;4;1001;2#2;1;3;3;1001;0;0;0;0;0;4;2;1;2;0#3;0;0;4;1;1;4;1;4;1;3;3;2;3;0', 3, 30),
(84, 20, 'zxcvzx', 2, 0, 'view/img/heroes/2_2_0.png', '2014-05-18 13:59:08', 1, '2014-05-18 17:08:36', '0;1;4;2;2;4;2;4;1;3;0;1;1;1;0#4;0;4;0;2;3;0;2;2;2;4;3;4;1001;4#2;3;0;0;4;0;1;1001;3;0;3;3;0;3;1002#2;0;1;0;4;1002;4;2;3;1003;2;4;4;1;4#1;0;3;4;4;1;3;4;0;1;3;2;0;4;1#2;4;1001;3;1;4;1;3;1002;0;4;2;2;0;2#3;2;4;3;4;2;3;4;1;1;3;1001;3;2;1#2;0;3;1;3;2;2;2;0;3;2;3;1;4;0#1;1003;0;1;1003;4;0;1;1;4;4;0;0;0;2#3;1;3;4;1;4;4;4;0;0;1;3;4;0;0#0;0;1;2;1;2;3;1;0;3;3;1;1;0;2#0;0;1003;1;0;2;1;0;3;1;0;1001;4;3;3#1;1;1003;2;0;0;2;0;4;0;4;1;0;4;3#2;3;2;3;1;0;4;0;2;1;2;2;1;3;3#2;1002;2;4;1;0;4;0;2;0;0;1002;2;1;0', 6, 45),
(85, 20, 'masas', 4, 1, 'view/img/heroes/4_2_1.png', '2014-05-18 16:10:09', 125, '0000-00-00 00:00:00', '0;3;4;2;0;0;2;1;2;0;0;2;3;1;3#1;4;0;3;4;4;2;1;0;4;1002;3;4;1003;2#4;4;0;2;2;1002;2;0;2;0;2;0;0;0;1#0;3;2;2;2;1;3;3;1;0;0;1;2;3;3#2;0;3;1;1;2;4;0;3;2;1;1;1;2;0#0;2;2;1;1;0;1001;3;1001;1;1;4;1;1001;2#2;0;1;0;2;1002;1002;0;1;1;3;1;4;3;0#2;4;2;1003;0;1003;1;3;2;4;1;3;4;2;0#3;0;1;2;0;1;0;2;1;4;1003;4;2;2;2#2;3;3;2;1;4;0;2;4;0;0;1001;1;0;3#4;0;4;0;4;2;3;0;1003;0;0;0;2;0;1#0;4;3;1;1;0;2;4;2;4;3;1;0;0;2#1;4;1;2;4;1001;1;4;0;0;4;0;3;3;2#2;4;0;1;1;3;1;2;4;1002;1;1;4;1;1#4;0;1;2;2;1;3;4;3;3;1;3;0;2;0', 9, 20),
(86, 20, 'cc', 3, 0, 'view/img/heroes/3_1_0.png', '2014-05-18 16:33:08', 50, '0000-00-00 00:00:00', '0;2;2;4;1;1;4;4;3;2;1;1;2;0;2#4;4;1;1;1;4;1003;1;4;1;3;1;0;1;0#3;4;3;1;3;0;2;3;1001;2;1001;0;2;0;1#4;4;2;1;3;2;3;1;0;0;3;4;4;2;0#2;2;0;4;2;2;4;3;2;1;2;2;3;0;3#0;4;4;1002;3;2;2;3;2;3;2;3;4;1;2#2;2;1003;0;0;0;0;4;4;2;1;2;0;4;2#2;3;3;2;1;1;1001;1003;3;3;3;0;1;1;2#2;3;2;0;3;1;1;3;2;4;4;4;0;4;2#3;1;0;2;3;0;1001;0;4;2;1;2;0;1003;1#3;2;3;0;1;1;1002;3;0;1002;4;0;2;2;3#3;4;3;4;1;1;4;1002;1;0;0;1;1;0;0#1;4;0;3;3;4;4;1003;1;2;4;1001;1;3;1#3;0;4;1;1;1;3;4;3;2;3;3;3;4;3#3;1002;1;3;1;2;3;0;2;2;4;3;2;4;0', 10, 30),
(87, 20, 'sdsd', 3, 0, 'view/img/heroes/3_3_0.png', '2014-05-18 16:55:15', 50, '0000-00-00 00:00:00', '0;3;0;3;0;1;3;0;1;2;1;2;1;0;0#1;3;4;1;1;2;4;4;1;0;2;4;1003;0;0#2;0;3;4;3;2;1002;4;4;2;3;0;3;1001;0#1;3;4;0;3;2;4;3;4;3;2;4;1;1003;3#0;3;3;3;1;0;3;4;1001;1;2;2;2;1;2#3;1003;1;2;2;0;0;1;1001;2;3;4;2;4;0#2;0;1;0;1;1;2;0;0;1;1;2;1;2;4#3;4;4;2;1;4;0;2;3;1;3;2;1;2;2#1;3;2;1;4;2;1;3;0;4;4;3;2;2;3#2;2;3;2;1;1;0;2;1;1;4;3;4;3;4#2;1;0;1;3;2;1001;4;3;1002;4;3;0;3;0#2;1;0;2;3;2;1;1001;3;2;3;1;0;3;0#2;1;4;1002;1;3;2;2;0;4;1;1002;1003;1;2#3;0;1;2;4;4;2;3;1;0;1;4;3;1003;0#4;4;3;3;3;2;4;0;2;2;4;4;2;1;0', 11, 50),
(88, 20, 'vbvbv', 2, 0, 'view/img/heroes/2_2_0.png', '2014-05-18 19:34:56', 75, '0000-00-00 00:00:00', '0;3;1;3;4;4;3;3;4;2;2;3;0;2;1#1;4;4;3;0;2;0;1002;2;3;3;1;4;3;1#0;2;0;3;2;3;2;0;0;4;0;1001;3;1;3#4;4;2;1;3;3;2;3;1001;2;4;1;1;2;4#3;1;3;4;0;4;2;1;0;2;0;1;0;1003;3#2;4;3;2;4;2;1003;3;1;1001;4;3;2;3;0#1;1002;1;4;1;3;3;3;1001;1;2;1;0;0;0#0;2;0;1003;4;4;4;3;0;2;1;3;1;2;2#0;2;0;4;4;3;1002;3;1;4;0;2;4;1;1002#1;4;0;0;4;0;1;1;0;3;4;0;4;2;1#1;4;1001;0;3;0;2;4;4;1;4;1;3;1003;0#4;3;4;3;2;3;0;0;0;2;4;3;0;3;3#0;2;4;3;2;0;1;2;1002;1;4;0;0;0;0#1;0;4;1;4;0;0;1;4;4;2;2;4;1;3#0;4;2;0;2;4;2;2;3;1;0;1;0;1003;0', 6, 50),
(89, 20, 'bbb', 3, 0, 'view/img/heroes/3_3_0.png', '2014-05-18 20:02:41', 50, '0000-00-00 00:00:00', '0;3;3;3;4;2;0;0;2;1;2;0;0;2;3#1;3;1;4;0;3;4;4;2;1;1002;4;3;1003;4#3;2;4;4;0;1003;2;0;2;0;2;0;2;0;0#0;1;0;3;2;2;2;1;3;3;1;0;0;1;2#3;3;2;0;3;1;1;2;4;0;3;2;1;1;1#2;0;0;2;2;1;1001;0;1001;3;4;1;1;1001;1#2;2;2;0;1;1002;1002;1;1;0;1;1;3;1;4#3;0;2;4;2;1003;0;0;1;3;2;4;1;3;4#2;0;3;0;1;2;0;1;0;2;1003;4;2;4;2#2;2;2;3;1001;2;1;4;0;2;4;1002;0;0;1#0;3;4;0;4;0;4;2;1003;0;2;0;0;0;2#0;1;0;4;3;1;1;0;2;4;2;4;3;1;0#0;2;1;4;1;1001;4;1;1;4;0;0;4;0;3#3;2;2;4;0;1;1;3;1;1002;4;4;1;1;4#1;1;4;0;1;2;2;1;3;4;3;3;1;3;0', 10, 30),
(90, 20, 'bbnbmn', 2, 0, 'view/img/heroes/2_1_0.png', '2014-05-18 20:12:28', 75, '0000-00-00 00:00:00', '0;4;4;4;3;3;2;0;0;1;3;0;4;3;3#0;4;3;3;1;1;3;3;4;2;1;3;0;2;3#4;1;0;3;2;2;2;2;1001;4;4;3;2;0;3#2;1;4;2;4;4;3;0;1003;0;3;2;1;1;0#2;0;0;4;4;1;1002;4;2;0;1;3;1;4;3#4;4;1;1;2;1;4;2;1002;2;1002;4;1;0;4#0;4;4;1;4;3;4;4;2;0;0;2;4;1;4#0;1;3;2;0;3;0;3;4;1;1;0;4;0;1001#4;3;1;2;3;1001;4;0;1;0;0;1;4;4;3#4;4;1;0;1;2;3;1;3;1;3;1002;1;1;3#3;1;0;0;4;0;4;2;1;2;1;2;4;1;0#0;4;0;1001;1;2;3;4;0;2;1003;1;1;0;1#3;1003;2;2;3;2;4;2;2;1;4;4;2;2;1#0;3;0;2;2;0;0;0;0;1003;1;1001;0;3;4#0;0;2;3;4;3;3;3;1;3;1;0;0;4;1003', 5, 40),
(91, 20, '   zxczxc', 1, 0, 'view/img/heroes/1_2_0.png', '2014-05-18 20:18:40', 62, '0000-00-00 00:00:00', '0;0;1;3;0;0;2;4;0;2;3;0;1;4;0#1;4;1;1;0;0;1;1002;0;4;3;0;4;2;4#0;1002;3;0;2;1003;4;2;0;0;0;1;2;0;1#4;3;3;3;1;3;4;2;4;0;4;3;2;1003;1#1;4;0;1001;1001;4;4;0;1003;0;4;1;2;0;2#4;4;4;4;0;0;0;1;2;1;1001;1;2;3;1#1;3;1;3;1001;1;1;3;4;0;2;1;1;1;1#4;0;3;3;3;1;1;3;3;2;0;2;1003;4;4#1;4;4;4;4;2;4;0;2;1002;0;0;2;2;4#1;2;2;4;1;4;1;4;2;3;1;4;1;1003;2#3;1;1002;2;4;4;4;0;3;2;1;3;3;4;3#3;0;0;0;4;0;4;2;4;0;2;0;3;3;3#0;3;4;2;1;3;1;4;0;2;0;0;1;0;3#2;1;2;2;3;4;0;3;1;2;1;3;1;4;4#4;3;2;2;2;3;4;0;0;3;3;4;4;1;0', 3, 30),
(92, 20, 'xcv', 1, 0, 'view/img/heroes/1_2_0.png', '2014-05-18 20:34:37', 57, '0000-00-00 00:00:00', '0;3;3;3;1;0;3;4;2;1;2;2;2;1;2#3;0;1;2;2;0;0;1;1;2;3;4;2;4;0#2;0;1;1001;1;1003;2;0;0;1;1;2;1;1003;4#3;4;4;2;1;4;0;2;3;1;3;2;1;1001;2#1;3;2;1;4;2;1002;3;0;4;4;3;2;2;3#2;2;1002;2;1;1;0;1002;1;1;4;3;4;3;4#2;1;0;1;3;2;1001;4;3;0;4;3;0;3;0#2;1;0;2;3;2;1;2;3;2;3;1;0;3;0#2;1;4;0;1;3;2;2;0;4;1;0;1003;1002;2#3;0;1;2;4;4;2;3;1;0;1003;1001;3;3;0#4;4;3;3;3;2;4;0;2;2;4;4;2;1;4#3;2;3;2;1003;4;1;2;1;2;0;4;4;3;3#3;0;2;4;1;4;4;0;4;0;4;1;0;4;4#0;4;0;3;2;1001;3;3;3;3;4;3;4;1;0#4;2;4;1002;1;2;0;4;1;1;0;0;3;0;0', 2, 20),
(93, 20, 'cvbc', 4, 0, 'view/img/heroes/4_3_0.png', '2014-05-18 22:08:12', 122, '0000-00-00 00:00:00', '0;3;1;0;2;1;2;3;1;2;3;2;3;3;4#4;1;1;0;2;3;2;0;3;3;2;0;2;4;0#3;4;1;1;2;1;2;2;3;2;4;0;0;3;3#2;4;4;1;4;2;1;2;3;3;0;0;1;3;0#4;0;0;3;1;0;1;4;1;0;4;3;1;1001;0#0;1001;3;3;2;0;4;4;1001;1;2;1;4;2;1#1;1;3;1;1003;4;0;1;0;3;4;4;4;1002;3#1;0;4;0;0;2;1;1003;1;0;1;0;2;4;0#3;4;3;3;1;4;3;2;1003;4;4;0;2;0;4#0;4;0;0;0;3;1003;0;2;3;0;1;1;1002;4#0;3;4;3;0;3;3;0;1003;1;2;4;2;4;0#4;3;1;4;0;1002;2;0;0;3;0;0;1;1;3#4;3;2;3;4;4;1;4;0;2;1002;3;4;0;4#4;1;4;1001;4;4;2;2;2;2;1001;0;0;2;3#0;2;1;4;2;4;3;3;2;2;1;1;2;1;0', 9, 20),
(94, 20, 'xvxcv', 2, 0, 'view/img/heroes/2_3_0.png', '2014-05-19 05:53:23', 43, '2014-05-19 08:54:06', '0;2;1;3;2;0;4;0;4;2;1;4;3;3;3#1;0;2;4;2;1001;4;1003;2;1;1;3;2;3;0#2;1;2;3;3;1;0;0;4;1;1;1;2;4;3#4;4;2;2;4;4;4;3;0;2;3;3;1;2;0#3;2;0;1;4;1;0;1;2;3;3;0;2;1003;3#0;3;2;0;0;3;3;3;2;1002;4;3;0;4;3#0;0;2;1002;3;2;4;1;2;3;3;3;2;1;3#0;3;4;1;2;4;0;3;4;1;2;1;4;4;1002#4;2;2;2;1;2;0;0;0;2;2;1;4;4;0#4;1001;4;2;4;0;4;4;2;3;1;4;4;2;2#4;0;4;2;3;1;4;0;1;1;4;1;2;2;4#2;3;3;3;1;0;1;2;3;1001;1;1003;1;1;3#1;1;4;3;3;0;4;1;1;4;2;3;3;2;2#4;4;2;1001;4;1;4;4;0;4;4;0;1;1;1002#3;1003;1;2;1001;3;1003;4;4;4;2;1;2;2;0', 5, 20),
(95, 20, 'vxvx', 3, 0, 'view/img/heroes/3_2_0.png', '2014-05-19 05:54:53', 17, '0000-00-00 00:00:00', '0;1;2;1;4;3;1;1;3;3;0;2;1;3;3#0;4;4;1001;4;1;4;0;2;1;4;2;2;3;1003#4;2;0;1;0;0;1;1001;0;2;1003;3;4;0;1002#4;1;3;1;0;2;1;3;3;1;1002;1002;0;4;4#0;3;4;3;2;2;2;0;3;1;3;1;3;0;2#4;0;2;3;3;3;3;1;0;0;4;1;3;1;3#4;2;1;2;3;1;4;1;4;2;4;3;1;1;3#4;0;1;0;2;4;4;1003;2;0;1;0;2;1;2#4;3;4;2;2;3;1;2;0;1;0;1;4;2;3#2;1003;0;2;4;1;4;1002;3;1;3;3;4;0;2#1;2;3;0;3;3;2;0;4;4;1;4;0;2;4#3;4;1;4;3;3;4;0;2;0;4;1;2;1;3#0;4;4;4;0;4;2;2;1;0;2;3;1;3;0#0;3;0;0;2;1;3;4;1;4;3;4;1;1002;2#3;4;4;2;2;3;2;4;0;1001;0;1003;3;3;0', 12, 100);

###

CREATE TABLE IF NOT EXISTS `fan_person_arm` (
  `idp` int(11) NOT NULL,
  `ida` int(11) NOT NULL,
  `power` int(11) NOT NULL,
  PRIMARY KEY (`idp`,`ida`)
) ENGINE=InnoDB DEFAULT CHARSET=utf8;

###
CREATE TABLE IF NOT EXISTS `fan_person_artefact` (
  `idp` int(11) NOT NULL,
  `idar` int(11) NOT NULL,
  `amount` int(11) DEFAULT NULL,
  PRIMARY KEY (`idp`,`idar`)
) ENGINE=InnoDB DEFAULT CHARSET=utf8;

###
CREATE TABLE IF NOT EXISTS `fan_users` (
  `id` int(11) NOT NULL AUTO_INCREMENT,
  `name` varchar(255) NOT NULL,
  `lastname` varchar(255) NOT NULL,
  `nick` varchar(50) NOT NULL,
  `email` varchar(255) NOT NULL,
  `pass` varchar(255) NOT NULL,
  `date_reg` timestamp NOT NULL DEFAULT CURRENT_TIMESTAMP,
  `tel` int(20) NOT NULL,
  `admin` int(1) NOT NULL,
  PRIMARY KEY (`id`)
) ENGINE=InnoDB  DEFAULT CHARSET=utf8 AUTO_INCREMENT=25 ;

###

INSERT INTO `fan_users` (`id`, `name`, `lastname`, `nick`, `email`, `pass`, `date_reg`, `tel`, `admin`) VALUES
(8, '', '', 'ABRACADABRA', 'abra@bbb.ee', 'e10adc3949ba59abbe56e057f20f883e', '2014-03-23 22:05:55', 0, 0),
(12, 'Kira', 'Lulu', 'KIRALURICH', 'kira@ki.ee', '96e79218965eb72c92a549dd5a330112', '2014-03-30 09:17:03', 123456, 0),
(20, 'WWW', 'QQQ', 'KIKIMORA', 'kira@peegel.ee', 'e10adc3949ba59abbe56e057f20f883e', '2014-03-30 17:13:53', 7654321, 10),
(22, '', '', 'KIKIMORA123', 'KIKIMORA@UT.EE', 'e10adc3949ba59abbe56e057f20f883e', '2014-04-18 20:38:27', 0, 0),
(24, '', '', 'MIKOLA', 'mi@kola.ee', '372b92179ff1e7351a11db02b2deaaba', '2014-05-06 00:06:04', 0, 0);

###

CREATE TABLE IF NOT EXISTS `fan_words` (
  `kw` varchar(255) NOT NULL,
  `ee` varchar(255) NOT NULL,
  `en` varchar(255) NOT NULL,
  `ru` varchar(255) NOT NULL,
  PRIMARY KEY (`kw`)
) ENGINE=InnoDB DEFAULT CHARSET=utf8;

###

INSERT INTO `fan_words` (`kw`, `ee`, `en`, `ru`) VALUES
('about', 'Mängust', 'About', 'О игре'),
('all', 'K&otilde;ik', 'All', 'Все'),
('allhero', 'K&otilde;ik kangelased', 'All heroes', 'Все герои'),
('arm', 'Relv', 'Arm', 'Оружие'),
('chpass', 'Vaheta passi', 'Change password', 'Сменить пароль'),
('creahero', 'Uus kangelane', 'Create hero', 'Создать героя'),
('current', 'Sel ajal', 'Current', 'Текущий'),
('curr_hero_prop', 'Kangelase omadused', 'Current Hero''s properties', 'Свойства героя'),
('email', 'E-post', 'E-mail', 'Эл. почта'),
('firstname', 'Eesnimi', 'Firstname', 'Имя'),
('heroes', 'Kangelased', 'Heroes', 'Герои'),
('hero_arm_power', 'Relv (v&otilde;imsus)', 'Hero''s Arm (power)', 'Оружие (мощность)'),
('hero_avatar', 'Kangelase n&auml;gu', 'Hero''s avatar', 'Внешность'),
('hero_name', 'Kangelase Nimi', 'Hero name', 'Имя героя'),
('hero_type', 'Kangelase llik', 'Hero''s type', 'Тип героя'),
('hero_type_life', 'Kangelase liik (elu)', 'Hero''s type (life)', 'Тип героя (жизнь)'),
('lastname', 'Perenimi', 'Lastname', 'Фамилия'),
('life', 'Elu', 'Life', 'Жизнь'),
('loginok', 'Autentifikatsioon on &otilde;nnelik', 'Login is OK', 'Вы вошли в игру'),
('name', 'Nimi', 'Name', 'Имя'),
('new', 'Uus', 'New', 'Новый'),
('nick', 'Kasutaja', 'Nickname', 'Пользователь'),
('nickname', 'Kasutaja nimi', 'Nickname', 'Имя пользов.'),
('pass', 'Pass', 'Password', 'Пароль'),
('reg', 'Registratsioon', 'Registration', 'Регистрация'),
('regok', 'Registratsioon on &otilde;nnelik', 'Registration complete', 'Регистрация удалась'),
('reg_descr', 'K&otilde;ik väljud peab olla täidetud. Kasutajanimi peab olla min 6 tähte. Pass min 6 tähte.', 'All fileds must be filled. Username must be min 6 characters. Password must be min 6 characters.', 'Все поля должны быть заполнены. Имя пользователя и пароль - мин. 6 символов.'),
('repeat_pass', 'Pass veel kord', 'Repeat Password', 'Пароль ещё раз'),
('sex', 'Suhu', 'Gender', 'Пол'),
('tel', 'Telefon', 'Phone', 'Телефон'),
('updateok', 'Uuendamine oli &otilde;nnelik', 'Update was sucsesfully', 'Обновление было успешным'),
('user', 'Kasutaja', 'User', 'Имя пользов.'),
('user_profil', 'Kasutaja andmed', 'Users''s Profil', 'Даннные пользователя');
